sec,degC,S1,S2,S3,S4,S5,S6,S7,S8,S9,S10,S11,S12,S13,S14,S15,S16,S17,S18,S19,S20,S21,S22,S23,S24,S25,S26,S27,S28,S29,S30,S31,S32,S33,S34,S35,S36,S37,S38,S39,S40,S41,S42,S43,S44,S45
0.1,30,139.4382,133.6732,121.2228,140.1002,138.0122,122.7836,153.276,134.466,121.8654,136.4254,134.3874,121.315,136.5648,122.1308,109.3644,103.2314,115.0982,112.6434,101.9582,105.4396,99.35,118.7668,138.784,141.6598,129.0278,136.3404,147.984,115.257,126.2132,143.3806,114.2394,125.5268,135.8752,86.3074,96.0876,97.138,99.9842,107.1932,113.406,95.2206,80.2792,76.4444,132.4128,127.4804,117.4212
30.1,30.19,137.5272,130.5284,119.739,140.7714,135.579,122.4744,153.4778,135.2446,121.5846,135.1254,132.0526,119.281,132.0132,121.3486,104.7914,100.9974,111.8196,106.6394,97.9582,100.1736,95.5278,118.7078,138.9842,139.5824,126.4928,135.1914,146.5766,113.4046,124.6944,142.0002,111.5702,126.1166,135.882,80.3508,95.0632,92.1156,97.4976,104.502,115.103,87.8414,75.4458,73.7612,130.2898,127.217,116.564
60.1,30.38,137.3292,130.7728,119.337,143.6876,134.2798,120.6508,150.1602,131.1712,120.0768,130.2944,135.2544,117.3784,132.1406,124.7428,104.942,103.0168,110.3548,105.732,98.503,101.0198,97.039,116.4924,137.5018,137.3264,129.1576,130.7018,147.4216,111.5976,122.4378,142.2072,112.7938,122.0614,134.8566,80.4708,90.9972,95.4056,96.3078,106.06,109.9464,88.8274,82.4792,69.7946,130.8604,126.7308,116.3298
90.1,30.59,137.138,130.6676,121.0342,138.3198,132.732,123.9092,153.424,136.232,120.9252,134.0782,131.6636,118.3068,135.1832,121.711,104.209,99.0746,110.9824,107.5918,93.3078,100.4462,95.9306,119.3804,135.528,136.1402,129.0906,133.6018,148.9464,111.0658,124.1792,140.8104,113.4376,125.0594,137.036,82.2062,93.5344,92.8592,94.8502,103.1578,113.814,89.0138,78.2084,69.5222,132.0568,127.3382,117.2404
120.1,30.836,135.6416,131.8428,121.362,141.3624,134.3826,124.7382,152.0312,133.6894,119.7848,133.0488,134.2346,117.103,134.874,122.7504,103.9468,100.9446,111.404,109.4412,98.9362,101.055,91.686,117.9256,135.6542,140.6192,127.635,133.1298,147.141,113.42,121.6926,141.7544,113.1542,124.208,135.3692,79.2768,92.9724,94.6028,93.5132,102.1912,112.794,88.8068,74.4334,72.439,130.4352,126.8672,115.0424
150.1,31.08,135.951,130.3408,120.6152,141.166,135.7948,124.2254,152.1846,133.4322,123.3732,132.98,135.0146,119.1228,134.465,120.996,104.7712,100.3878,112.3058,108.4784,97.0042,97.3008,96.1944,117.8294,136.6386,137.0192,126.7574,134.5334,146.343,112.864,122.4586,140.7492,115.9308,123.3188,136.7092,79.52,95.6822,97.5578,97.237,106.36,110.6436,87.1688,75.154,72.772,128.934,124.5366,116.3872
180.1,31.338,140.0254,130.423,117.5124,140.9126,134.4542,123.7928,152.9312,134.1552,120.3386,134.4038,134.8362,120.4594,133.1928,122.1348,103.931,100.6916,110.9332,109.4352,99.3452,102.5584,95.95,116.3138,137.4316,140.1476,128.5778,133.5106,149.3944,114.3912,122.1904,140.4334,114.0732,125.3208,137.1744,82.3506,94.696,96.7298,97.9396,107.6178,112.9464,88.524,78.7834,72.0612,130.5796,126.187,114.6618
210.1,31.59,138.9602,131.3946,121.0324,141.359,134.5704,124.7852,155.1812,135.4412,120.4134,132.762,134.1782,119.0714,134.3112,123.703,104.4888,102.6554,112.3822,106.5524,99.556,100.4506,95.1274,116.9078,139.4508,140.5248,129.3222,135.6948,148.2176,110.2616,127.1944,142.97,113.0654,125.4992,139.3282,81.2924,92.7726,95.1268,95.9974,104.6202,111.3844,85.7622,77.5544,70.9112,130.7304,128.6466,117.715
240.1,31.858,138.1526,131.9908,122.4514,142.2054,135.094,124.7474,152.9776,134.9268,121.3134,135.0598,132.2344,118.081,136.9276,121.5584,107.3356,102.5614,112.4724,109.272,100.6856,101.4066,98.525,119.9272,137.9266,139.344,128.3278,136.4178,148.4092,115.2878,125.6018,142.3368,113.3188,126.9998,138.2104,82.329,91.5178,96.31,97.9788,104.3444,116.697,90.048,76.6414,69.3558,131.9962,129.4896,116.3958
270.1,32.12,138.131,133.2966,121.4,141.925,135.4,126.2562,156.9242,135.1678,121.8328,134.0912,134.451,119.9822,135.2036,122.7482,105.3578,102.1254,113.2412,107.839,101.268,101.0264,94.4388,118.7942,139.0526,140.6808,128.3036,137.3844,147.8858,112.279,125.9396,140.4984,116.9582,125.2336,138.5366,82.5168,92.8138,95.7772,96.092,105.8488,113.1842,88.5278,78.8626,74.5332,134.2604,129.6186,116.3808
300.1,32.382,141.4108,133.5874,120.8384,144.4108,136.1082,126.9054,156.462,138.709,120.925,134.5108,135.5456,120.6612,134.7518,126.2514,102.8756,99.8822,111.6334,107.699,99.7078,101.947,94.8638,118.249,140.6824,141.7718,131.2444,133.6086,151.7428,115.5824,125.5546,143.0982,115.1506,124.695,137.619,83.2768,92.8494,96.042,96.687,104.6,114.9744,92.9416,79.4376,72.5722,132.1908,129.7142,117.0172
330.1,32.654,142.6308,133.0536,121.9618,142.8394,134.1844,126.5636,154.8968,136.9126,120.2426,133.0798,133.2962,120.1742,133.3666,124.917,107.3468,105.5566,113.902,108.633,101.3298,100.3144,95.4834,122.6334,141.586,143.2824,130.876,137.1544,149.6232,113.2682,127.202,141.1544,116.8236,128.915,140.552,81.769,92.0878,95.3916,100.0552,109.3822,113.81,88.9378,76.6666,68.589,132.8972,127.8524,116.951
360.1,32.93,140.0202,135.0322,124.2952,145.884,136.6122,125.4946,157.7034,137.657,122.602,134.4038,135.0708,121.5484,134.774,126.3248,105.4088,103.3348,113.2412,110.3858,101.1188,102.677,97.15,119.7254,140.8334,142.1088,127.776,138.137,150.4178,114.0088,127.4794,141.0632,116.8634,125.9088,139.8172,78.994,93.2274,99.9578,97.5288,108.7932,113.7248,91.662,82.3666,72.7222,134.2368,129.7402,116.421
390.1,33.198,145.438,136.2426,123.537,144.5732,138.7756,125.7384,160.1448,139.0198,123.5768,135.8672,136.4326,121.4576,135.4146,124.4892,104.9068,105.2724,114.4372,107.159,103.5538,102.5516,96.0138,120.5332,139.5244,143.5914,133.1776,136.1438,150.023,111.2658,127.5206,143.2404,115.9426,130.2296,139.236,80.732,92.1262,98.3578,98.0816,108.7734,115.596,89.6412,77.279,75.3442,133.9576,130.7664,118.4764
420.1,33.46,146.338,136.5626,126.1144,147.6018,139.2434,131.311,162.669,139.8552,123.7478,135.9418,137.8472,121,138.6888,126.287,107.2156,102.7396,111.3686,110.3256,104.7606,106.0726,97.1834,122.3824,140.723,142.8754,131.7314,137.9246,152.0392,114.7318,127.534,142.8862,117.7384,129.3662,140.7762,83.957,92.852,95.4958,98.1498,103.3378,116.2416,89.5344,79.65,73.3944,135.5596,128.6356,118.283
450.1,33.73,147.1018,135.5608,129.0344,145.9232,140.1304,130.9362,162.419,143.1998,126.4752,136.6854,137.4984,123.3406,137.211,126.0216,108.3022,103.1902,112.841,110.3938,104.745,104.8724,100.4084,120.5744,142.8704,145.3368,132.4018,140.3966,154.1108,115.5232,127.213,144.835,120.6022,132.8514,142.012,83.5814,93.9808,98.5918,98.3368,108.4868,120.1328,92.3172,80.5748,73.6556,136.0276,130.6148,118.2936
480.1,34,148.32,139.9682,124.2574,149.5074,138.9722,130.4292,163.0948,141.668,126.3058,135.2346,139.0582,122.2672,137.7574,125.386,106.2022,106.412,115.055,111.2146,101.6704,106.2944,100.4804,120.9178,143.814,143.8596,133.626,138.3892,154.264,115.2768,131.615,144.4738,119.4754,130.1664,141.988,81.3846,94.2438,100.0844,95.621,107.9288,117.0632,94.3,80.325,73.3554,134.9798,130.4636,118.9062
510.1,34.27,149.9854,139.5088,128.1468,148.993,140.92,129.7256,165.4224,140.8516,125.0808,137.316,139.3728,122.7424,138.6648,125.5524,107.5292,107.6676,114.849,111.097,103.6438,104.4396,99.436,123.4606,144.6054,143.8192,132.2442,139.9632,149.5194,114.277,128.7264,142.3458,119.1624,130.2692,143.8208,83.8214,95.296,96.9578,96.005,109.0802,116.8318,90.0726,79.5918,74.3832,135.5174,133.5048,117.0638
540.1,34.53,150.0674,139.6338,130.4554,151.225,145.5844,130.84,165.5516,141.3018,128.4404,140.2964,137.44,124.1444,137.326,125.972,111.4244,107.0074,117.4234,111.0454,104.5122,104.8834,100.5528,122.6374,140.9402,149.614,134.3166,140.3488,153.641,116.2968,128.4228,144.1578,120.1346,135.6634,141.781,83.6216,93.3754,98.031,96.3394,109.9688,119.7584,92.1828,81.4458,77.5332,135.2532,132.8804,117.5638
570.1,34.8,154.5708,141.3608,135.257,149.734,143.353,130.82,168.7586,145.3392,126.2732,140.0054,141.2692,123.7506,139.6332,126.1762,106.8244,104.3424,115.3528,114.3404,104.0284,106.2396,100.328,123.2568,144.2158,147.414,132.2704,142.4106,155.2768,116.8748,130.6284,146.3806,121.3386,134.0158,147.1402,83.7848,94.3232,102.8844,98.658,106.8466,123.705,93.1998,82.5958,77.472,135.1154,132.6334,118.913
600.1,35.07,152.482,143.891,133.1106,153.2876,143.7218,133.0946,168.0966,147.3144,126.8866,136.8198,138.013,123.9922,138.537,127.291,110.729,104.3904,117.092,113.4454,105.655,106.9208,100.9694,126.0962,144.6334,146.87,133.8926,142.4544,155.734,118.3562,133.468,146.4686,120.2198,135.4912,145.9914,83.4738,94.9834,99.2816,97.2762,111.5688,119.5306,94.6586,82.896,72.9278,134.0404,131.8898,116.4404
630.1,35.32,155.6018,143.4374,132.7678,153.1214,146.461,133.6016,172.8622,147.5626,127.9326,140.4182,139.3002,124.1606,142.2316,129.0614,106.1446,105.995,116.8508,113.1938,106.6308,107.4044,102.886,126.6648,146.265,148.7316,135.726,143.4054,152.7464,119.1912,131.966,147.5738,123.5308,134.6734,148.7998,82.9386,95.6162,101.0734,98.2762,109.291,117.2872,93.7032,82.2378,75.9334,134.8276,133.9624,117.5276
660.1,35.58,155.9982,144.2534,136.7696,155.4338,147.7912,134.7418,175.5052,150.5802,128.9078,139.4892,143.0582,127.7464,140.9684,129.9108,107.9512,106.9856,115.3314,113.3978,103.791,108.0816,99.8472,125.4804,145.9736,149.7966,136.1704,144.5808,157.0768,117.2,135.7828,148.877,124.8554,134.8988,148.5178,83.3106,92.285,98.8762,100.558,108.9778,119.5702,96.1484,85.1208,75.7612,136.1908,135.1216,117.3342
690.1,35.85,157.1092,147.5354,134.8514,156.7162,151.0716,134.1002,175.4466,148.2286,131.798,140.6346,142.9546,125.7326,141.513,128.3942,111.6868,109.9592,118.2352,114.7198,107.5054,109.2616,102.1166,128.2568,148.1842,149.707,137.6796,147.1808,158.0786,119.1296,136.998,148.8212,125.9464,139.6042,149.5828,85.3816,95.4,98.2618,99.8762,109.9222,125.9962,96.7242,81.0124,75.2886,134.448,134.7758,119.4596
720.1,36.11,160.6674,149.8804,135.9922,161.0606,150.7722,133.8654,177.1312,150.766,132.7844,141.4618,145.8872,128.899,142.1742,128.59,110.6558,109.8722,117.9668,114.4414,107.6924,109.4264,102.0444,129.094,149.8526,150.5844,138.7796,149.2666,158.5016,119.0286,135.4226,151.8316,124.1802,139.1406,149.7178,87.0092,96.6382,101.738,100.6896,112.56,123.802,100.045,85.8544,77.7502,137.7156,134.7252,118.2
750.1,36.38,162.9326,148.182,138.0362,163.6606,151.6382,137.14,179.3654,150.7464,133.7404,143.0146,144.6818,128.7306,144.2222,129.691,112.491,108.3758,119.765,113.7856,106.967,111.7252,102.9528,131.0628,152.7738,155.5928,139.1628,150.3826,162.0678,121.688,134.6456,152.144,128.0436,145.03,150.0086,84.7786,97.2,99.7464,101.5,111.9422,122,95.5934,85.2958,81.3112,136.9726,134.9814,116.6212
780.1,36.642,162.1308,148.9144,140.6608,159.741,153.4468,138.3328,181.245,152.275,135.3172,144.9656,144.2726,127.8436,144.9704,128.9148,112.5888,110.8434,119.5666,114.6124,107.7144,109.7582,102.922,129.6726,151.993,154.0104,139.2446,149.1966,160.784,123.279,135.3472,150.5106,129.717,144.19,155.7966,83.5478,96.2768,106.2984,98.8474,112.8446,123.386,95.5206,84.229,75.1278,136.7854,135.7308,121.232
810.1,36.91,162.3834,149.491,137.7028,165.9018,155.8522,141.2656,184.5848,153.6948,138.246,144.9618,147.14,132.0576,142.9296,130.7306,114.1622,109.029,119.4648,116.9756,109.5954,113.0878,105.7862,129.406,152.0946,153.842,140.8482,153.093,162.2284,121.921,135.3716,150.2612,128.505,143.5546,153.3044,84.6186,97.1646,99.8986,100.4052,111.0066,124.212,99.638,84.2042,75.65,137.1412,134.4168,117.134
840.1,37.17,165.0056,153.448,143.583,165.9626,157.8988,143.4126,186.1052,155.3392,138.6924,146.511,150.489,133.196,144.7888,132.3564,112.4422,113.5058,120.6904,118.4556,110.09,112.9144,106.5028,131.2568,155.0492,155.8824,142.6834,153.986,163.877,120.4834,138.564,153.1982,128.9526,146.8022,157.2256,85.883,98.274,103.1182,101.1974,112.4334,124.7762,99.6862,83.6624,79.6222,136.3834,135.8262,118.6022
870.1,37.422,167.92,155.4644,142.5466,166.7216,154.4818,142.4874,184.4638,155.9428,137.1038,144.2508,148.7836,133.0454,145.609,132.9466,112.9576,113.0988,119.2274,118.1462,109.2374,111.4238,108.5694,133.8964,150.5052,155.9808,145.5946,154.714,166.5448,125.4152,138.6942,152.228,133.8694,148.7586,158.3984,86.9168,97.9998,102.1548,101.1236,113.8846,125.3584,95.3242,81.1124,80.972,136.7248,136.1272,120.9618
900.1,37.69,168.1598,154.9928,144.3278,170.384,161.1302,143.8164,188.1724,156.5518,139.6442,147.3218,151.898,134.5762,144.5372,134.499,113.1356,113.0726,119.9512,115.7134,110.6066,109.5386,102.8472,134.6744,153.056,158.4928,146.4908,156.523,166.7714,126.266,140.577,154.4244,131.1526,149.402,158.887,85.9632,95.0164,99.645,99.8106,113.1112,124.8634,98.0586,88.4252,82.2276,139.9248,136.187,120.9042
930.1,37.96,170.8874,154.4642,145.1658,169.9304,164.506,145.72,190.2758,159.5428,142.5826,145.589,150.5508,136.7486,144.1406,134.1168,117.4378,111.9062,123.9216,119.9772,112.8484,113.189,106.0528,135.6668,157.0928,159.4876,146.4074,160.791,168.2036,119.756,142.5962,156.9068,133.4474,149.2892,159.971,84.3444,96.5398,104.7522,101.1974,113.6756,129.6298,100.8482,86.2084,78.1666,139.1708,139.1926,121.919
960.1,38.218,172.7092,158.0678,144.9506,173.5838,165.1514,148.8144,192.5636,164.3144,143.0674,150.5054,150.991,138.1288,146.0074,134.3128,114.2736,113.3202,121.9374,119.4578,112.011,111.8572,108.1528,136.5472,157.7562,158.6068,148.2462,160.2946,172.359,126.1296,146.6302,155.1526,136.1208,149.9684,161.8104,87.1446,97.6002,100.0956,101.1184,113.7136,126.0514,99.6966,85.4544,78.8888,138.9028,136.7888,120.966
990.1,38.47,175.1038,156.7266,148.981,178.6394,167.0592,146.3184,194.5328,164.2052,145.4156,152.8218,154.6562,140.5288,148.1038,136.319,115.02,112.359,120.4138,118.2556,113.633,115.2636,102.5168,137.2372,158.7756,163.2632,148.2148,162.4912,172.0072,127.8132,144.3752,156.7334,138.5682,152.5208,164.4342,88.0646,99.496,104.1352,105.2182,113.5422,128.105,99.5344,87.7168,82.0666,140.4128,139.2766,122.953
1020.1,38.74,177.729,158.4268,149.0804,178.6894,165.4244,151.0364,194.6982,162.0822,146.3788,152.1982,155.2946,140.319,149.7722,135.505,117.0158,115.0194,126.9746,120.6598,112.1274,117.5892,109.6028,140.1802,159.4754,163.379,153.824,161.807,175.4268,128.5166,146.8546,160.449,139.4098,154.9584,167.441,88.04,100.0108,102.9916,101.858,116.02,128.1068,100.2516,91.1752,81.9054,138.0898,139.0358,121.2236
1050.1,39.006,176.5274,161.841,147.7258,179.4768,165.626,151.46,197.4896,166.6662,144.3498,152.2256,156.5144,140.3862,151.4388,138.2534,116.6734,113.4698,123.7452,119.6496,110.7162,118.3428,105.8582,139.9726,159.9034,168.0142,155.2928,167.0632,176.5714,128.4968,145.6246,159.6912,138.9918,153.5922,171.1744,87.471,98.2,106.6452,103.3052,116.6266,129.7744,100.3346,86.2458,78.2,142.1706,139.2878,121.8
1080.1,39.26,177.7418,159.8322,148.4666,180.4874,170.4818,152.8836,201.5034,167.5108,149.9192,156.9818,160.3692,143.7266,154.7372,138.5208,119.4268,116.9254,123.449,124.606,113.6264,116.9778,106.6612,141.31,161.1314,166.442,158.309,169.2718,177.507,127.9626,148.615,161.4702,139.2654,157.0354,170.6686,89.2924,99.4356,103.6844,101.9134,117.0134,128.879,100.3758,91.1168,80.5168,141.4368,139.0954,124.183
1110.1,39.51,178.5384,161.6804,151.9656,182.8876,170.9616,152.4326,201.2034,170.5464,148.323,157.0072,159.1308,144,153.3334,139.0158,116.651,118.3204,125.2626,120.771,113.0066,116.268,110.5248,144.6254,163.7124,168.5964,153.413,167.2946,179.6908,129.7978,150.1792,162.0998,142.689,159.511,173.841,86.6772,97.7452,103.6904,104.658,114.2446,128.693,99.9586,86.675,81.0168,143.1926,138.5832,125.466
1140.1,39.77,181.1,164.3392,152.4608,184.8428,173.7826,157.1964,198.9102,172.0374,151.7712,156.2018,161.8964,146.612,153.565,138.0336,119.011,120.1638,125.8884,126.1132,115.8308,119.5978,107.1974,145.5568,166.8472,174.0016,161.0168,171.1194,182.8288,129.6198,152.415,163.63,146.398,161.5504,176.6598,90.0708,102.6248,107.445,104.8132,117.2266,130.1882,98.8656,87.975,80.75,141.033,140.3026,124.087
1170.1,40.03,182.2366,166.3966,153.4458,187.0984,173.2402,159.9036,204.2776,170.4484,152.2808,156.3818,163.7674,149.1604,157.0074,142.1466,120.5112,116.4314,124.461,125.3238,117.1888,119.6088,109.0586,147.8116,168.4054,173.579,159.9424,172.7156,181.918,130.1164,153.4188,164.2738,145.6218,165.1404,177.4102,90.9722,103.674,107.5214,107.9474,116.5354,130.311,101.5068,89.8918,82.189,143.0148,140.7796,126.8318
1200.1,40.29,182.2838,166.0016,155.8132,190.5678,177.501,157.9256,202.3534,174.3964,154.2172,160.3216,164.8146,148.1704,155.4628,142.196,121.42,117.4892,127.5196,123.8348,113.6438,118.442,109.0722,146.8076,168.0544,172.3772,163.3722,174.2948,183.3286,132.1604,154.4058,166.0966,148.6138,163.5686,179.653,90.9322,101.315,107.7408,104.2528,117.0822,129.1464,102.6654,88.4168,85.9112,141.9722,144.7514,125.5384
1230.1,40.55,184.3652,163.3984,152.8572,187.6252,178.8766,159.1528,205.4878,177.0376,155.5594,160.989,167.9802,150.099,157.3556,142.2812,122.4156,121.9592,127.2706,126.0022,116.7736,117.9868,112.164,147.149,168.8192,174.4262,163.987,177.0384,186.5948,134.0944,157.9698,166.6948,148.3804,161.4276,179.0904,88.64,99.3974,107.7636,103.7632,115.189,128.509,100.9794,88.346,83.1332,145.51,142.4654,125.0512
1260.1,40.81,187.7508,165.2466,156.3086,191.3948,178.5514,162.1492,206.8726,177.2982,156.6232,164.8198,167.8636,153.6614,157.648,143.0258,122.9646,119.5204,132.4156,126.3238,114.112,120.1254,110.7332,150.5196,170.0404,175.7246,164.45,177.0964,184.4644,134.5648,157.6946,167.8736,151.422,167.3366,181.9508,92.1692,104.4876,106.848,106.9052,114.109,130.9406,104.3724,89.0126,82.5834,149.8166,144.1738,126.3874
1290.1,41.072,186.7018,167.5838,157.0438,191.2714,180.193,163.2764,210.205,177.2554,163.1616,165.6854,171.66,153.0636,159.1204,147.911,122.2176,120.7902,129.5096,123.2102,120.0636,121.9626,110.8834,152.1668,170.5084,179.6508,166.426,178.2386,188.4196,138.51,157.5,170.007,150.4832,168.8158,184.359,88.5722,105.9642,112.6902,107.5316,115.3598,130.893,98.7618,88.3166,85.6668,146.233,144.5738,129.3618
1320.1,41.33,189.851,170.9518,159.9696,190.7304,181.7512,164.6362,211.588,182.616,161.4482,164.151,172.3782,155.0018,158.9666,148.4318,124.0312,122.9806,129.6508,124.1444,117.4618,121.9472,109.2612,154.7646,176.4944,179.9878,167.7352,179.4334,192.0694,137.9514,162.5868,171.3526,152.7306,172.0158,187.6768,92.3846,103.2684,110.1324,106.742,116.0202,131.83,101.9344,91.5878,76.8554,147.3506,144.2692,128.5256
1350.1,41.59,191.053,168.1286,158.7942,196.975,183.6432,164.6746,211.338,181.8892,160.3672,167.6836,172.8508,157.7562,162.2202,148.1822,124.9446,121.482,128.8116,126.3958,118.3208,121.1188,111.1888,155.0296,172.7086,180.2912,169.9576,181.823,193.2824,136.6988,161,174.8086,155.4236,170.6812,188.3368,92.8892,101.8028,109.4536,108.1002,116.6536,130.8218,103.4032,89.8002,86.389,147.6314,146.684,130.966
1380.1,41.85,193.8,172.3966,160.6192,196.0002,187.7932,165.9528,215.407,181.3518,161.8134,168.4818,174.611,158.309,162.5758,146.7622,123.3132,122.7348,130.0314,127.736,120.3252,123.1098,113.8388,160.1334,174.186,181.6298,173.6354,182.1788,194.7054,137.8196,163.4114,176.7948,154.5962,171.7408,191.6906,91.0892,105.493,113.8338,112.2684,119.9734,131.1464,103.3588,90.6876,84.8554,148.5578,145.2224,129.1616
1410.1,42.11,192.7366,172.3982,162.7106,200.4324,186.927,165.5692,218.7328,182.5624,164.4884,169.8872,173.3892,159.1982,163.0092,149.4,127.5868,121.694,134.8844,127.4514,120.3232,123.3516,113.1334,160.9274,181.8594,184.8104,172.7444,184.2492,193.9142,137.7648,162.1134,176.3228,155.8514,172.9884,193.8496,91.8706,107.3208,112.3126,109.6658,119.9446,130.715,100.769,87.529,85.0112,150.1212,148.669,129.8874
1440.1,42.37,193.7764,172.5038,162.4648,200.45,187.7164,166.5308,218.3484,184.6286,166.5306,171.2346,176.6346,163.4832,164.3408,148.3704,128.718,124.1424,132.3588,127.5258,119.9562,122.9364,113.5138,160.1334,181.4526,185.572,177.2908,186.2262,195.9018,137.0814,165.3548,176.472,158.4792,173.8594,192.3846,91.9568,107.978,110.3436,111.6792,119.6046,133.8812,100.0308,89.2708,81.35,149.0534,146.6616,132.2682
1470.1,42.628,195.8164,173.3378,160.4268,200.4626,189.3826,168.5966,219.7896,182.466,166.4578,173.0382,179.1162,162.414,165.1258,149.01,131.2068,124.8892,132.4078,130.8266,118.7958,123.4264,114.4444,159.9432,179.3876,185.0138,174.5482,185.107,196.609,139.5144,164.4208,179.4928,160.7128,176.9286,194.9058,92.643,106.5234,113.6988,109.8078,122.1002,136.4812,103.8792,87.6,85.1388,150.1854,148.9122,131.7106
1500.1,42.89,195.9818,171.0716,163.6878,202.4748,191.2906,170.0182,223.3808,185.634,164.6576,173.7872,181.962,163.6832,166.3464,154.4516,130.5356,125.07,133.341,130.2454,119.8482,124.8836,117.6418,161.6118,179.037,189.6614,179.3966,188.3368,197.7694,143.7428,168.0134,180.7176,163.1682,178.6396,194.576,89.3168,107.2988,113.3916,110.5632,120.7712,135.119,101.0276,90.1708,89.6278,150.875,149.6112,130.9274
1530.1,43.14,192.769,172.123,162.2344,203.4304,191.753,168.4344,220.3586,186.7608,168.683,172.0454,177.0726,166.8536,169.3926,150.7982,126.5666,125.4962,130.9922,129.5732,120.9692,123.3318,112.8164,162.9766,185.493,185.786,178.476,187.0278,195.459,145.1406,171.8394,181.4702,160.7982,179.3626,199.655,93.5908,106.9728,112.372,110.6632,124.349,136.2512,103.1344,88.4336,80.7334,151.8074,147.7908,131.4108
1560.1,43.4,196.3002,172.6322,166.3638,203.4052,191.0296,171.9108,222.3656,192.6304,172.2634,175.4818,182.5402,167.5644,165.8166,153.4952,128.3466,129.3324,133.5316,132.7362,120.5428,125.0262,118.336,165.6766,183.9648,191.1054,182.3498,188.4718,199.1518,145.5318,170.7246,184.9032,164.39,182.434,198.099,89.2924,109.5918,113.9916,110.8552,122.3134,137.6078,105.2344,90.3708,85.4334,152.5304,150.4954,132.6258
1590.1,43.65,196.2762,173.7462,166.737,203.9162,191.5114,173.0674,224.4622,190.7732,170.2942,174.74,182.7782,167.307,170.0592,155.5268,128.0868,126.46,134.9116,132.602,122.8946,124.978,113.725,166.3606,188.0366,190.9648,180.8038,192.328,203.0626,145.8372,172.6412,185.4002,164.2058,184.216,200.7932,94.4674,109.2604,117.093,109.8922,122.8866,139.297,103.7794,94.858,81.8276,152.6514,152.927,128.6788
1620.1,43.91,198.3476,171.5876,166.2516,204.3464,192.628,171.8364,228.0622,191.2394,170.9942,178.231,184.9998,169.2176,169.9202,155.7604,130.358,127.8,135.592,133.338,123.3298,128.778,118.4138,166.2864,187.0018,192.6614,184.3204,193.4034,203.8928,148.844,173.9094,187.8212,166.1644,182.6056,203.2496,93.9292,112.8576,113.4704,111.2026,122.7242,139.1246,103.7174,92.1624,85.45,154.024,153.598,134.1872
1650.1,44.17,197.5764,173.207,165.4704,205.302,193.2384,174.0002,230.2898,194.6822,171.219,177.3146,183.2672,169.7724,170.6332,157.1168,133.6154,125.3494,136.4508,133.5278,123.7054,126.5848,116.9334,166.6804,189.4702,196.7896,183.5002,196.8474,207.4804,148.534,177.9568,191.593,167.9248,189.8572,205.4358,93.3508,109.2248,117.0702,114.7054,126.478,141.58,104.3932,94.7374,87.1222,157.1066,153.974,133.3404
1680.1,44.43,199.967,171.3858,166.2476,206.2374,193.6158,174.8272,232.6156,191.9572,175.5692,179.5546,184.5202,174.0554,171.8352,156.4296,130.8578,129.6338,135.098,134.571,126.0814,126.9386,117.4776,168.6372,191.1524,196.1246,188.339,200.2402,204.591,148.7648,180.3868,192.8054,171.9784,189.4774,207.063,94.8,111.937,119.8366,115.4842,128.7132,142.8534,104.1138,94.1456,84.8168,156.0824,152.688,134.3682
1710.1,44.7,200.051,173.3534,168.4266,207.5302,196.4368,174.3546,234.2602,194.6732,175.6982,180.5634,187.6944,175.1506,173.6278,160.4494,133.8978,132.1954,139.7804,136.9898,127.2944,130.5164,119.7942,169.4176,190.5438,198.2702,188.0498,199.691,209.9,152.8044,176.4588,192.4526,172.5348,186.8358,210.795,94.4246,114.5286,120.6648,114.5632,127.5312,148.0136,106.8174,97.325,89.6776,159.725,155.0504,135.6764
1740.1,44.97,204.402,174.0894,168.4686,209.8928,198.346,176.1198,235.4672,195.5766,173.6442,184.6418,189.1054,175.5586,175.063,158.4274,131.2244,132.7278,140.4372,138.7256,129.389,132.0308,115.2,172.4314,194.8316,199.3352,189.8258,200.9808,210.2162,152.9166,182.5998,192.2054,172.899,191.5782,208.5948,98.148,115.085,121.4986,119.8422,128.4022,144.978,106.7346,98.6666,87.9556,158.279,156.2168,137.1956
1770.1,45.23,207.7456,173.9748,167.2286,210.7662,198.6054,174.0346,233.7914,199.4318,174.6884,185.5928,190.0018,176.0236,173.0572,158.2198,133.7354,132.2386,137.6196,136.1156,129.4528,129.633,120.8528,175.3668,194.8842,203.1244,189.4908,201.5646,212.516,153.978,182.9302,196.7456,172.1188,193.6178,212.7506,97.7108,115.8986,121.7716,121.0868,130.1934,149.6614,109.5208,93.921,85.3614,161.6312,159.5906,136.7064
1800.1,45.48,205.4602,177.7142,169.714,212.5482,200.9388,177.8364,231.6896,199.4556,176.4786,187.08,191.111,178.6534,178.5018,165.0496,135.131,131.2844,141.7352,139.3978,126.5872,133.0572,117.0082,172.7588,196.5806,203.5964,192.539,202.3194,216.041,155.8836,187.098,198.7526,176.9882,195.2852,212.1708,98.3476,114.5012,122.1154,119.571,132.7956,150.404,109.1792,100.9252,90.7724,161.9266,161.4282,138.9658
1830.1,45.74,203.4816,175.8464,171.2456,212.7644,200.1654,178.6926,235.4344,198.1732,181.4906,188.1818,193.7546,180.6198,178.0668,164.602,136.5088,134.4264,140.6176,140.5318,127.2988,133.932,122.186,172.1588,200.9158,203.2826,191.7628,206.63,219.0502,159.4374,187.4736,201.528,175.5664,198.699,215.689,99.2678,115.4082,124.2506,119.9684,130.769,152.8754,111.2552,96.8168,90.5834,165.7616,160.2542,140.2978
1860.1,45.994,208.2456,176.7732,174.0324,211.5716,199.56,177.0292,235.6016,201.9784,180.579,188.831,193.2854,180.7484,178.089,167.792,136.9754,137.706,145.1588,141.662,130.6704,135.356,121.589,177.3822,202.2,207.514,196.3612,209.0458,220.5284,158.0022,188.9076,201.53,179.1346,199.1446,217.5164,101.5844,115.6408,124.2394,123.4104,133.5112,151.992,113.983,101.275,89.5278,167.686,163.8712,140.766
1890.1,46.26,211.6726,178.2088,172.0398,216.493,203.3234,179.831,239.8314,207.2822,179.0538,189.282,195.2436,184.5348,183.1574,168.9168,138.6444,135.4674,144.006,142.6412,132.5868,137.6394,123.725,178.6392,204.2682,207.761,200.2056,209.014,222.1302,158.5734,192.9302,205.5508,179.7386,201.9702,218.4512,102.4464,116.5972,126.242,123.0712,133.8288,153.297,112.1138,99.6,91.8,165.4276,161.4392,140.9212
1920.1,46.524,211.6836,177.5178,173.7446,216.468,204.7112,181.9418,241.2206,203.1088,182.7788,193.051,197.149,184.8554,184.6924,166.7802,139.8222,136.1086,145.5488,144.8556,134.3318,136.7868,123.3278,179.202,206.507,212.3034,200.6258,212.8716,227.0268,163.833,192.5132,210.0404,184.0834,201.9466,224.3844,101.763,119.3918,125.2142,125.7552,136.0044,155.2196,114.0208,101.5916,90.0944,166.7724,165.2074,143.702
1950.1,46.78,212.5054,178.8912,172.914,213.125,205.3184,180.4616,243.6394,207.4142,182.6364,192.8982,200.3546,187.1844,186.8034,169.501,140.4624,136.7856,146.1078,144.1732,134.8132,138.5778,128.1694,183.2454,209.193,211.988,202.911,217.8422,226.2446,165.4704,196.8,207.4014,188.6494,209.7484,225.3162,102.2614,121.9178,126.7384,124.571,136.1022,155.8552,115.9932,105.5542,94.4944,172.4644,169.3142,144.3768
1980.1,47.032,214.5834,182.1966,176.3982,216.0606,207.0122,187.2782,246.3016,208.4232,183.506,195.9018,196.902,190.8436,187.1408,169.8892,142.1534,139.682,147.0508,148.468,137.2858,139.7712,126.5334,182.945,209.9368,215.493,205.7018,217.7156,230.2446,166.5758,198.4228,214.2176,188.1566,208.8516,226.0684,104.7784,123.5016,128.5382,128.371,139.5442,161.4654,114.4654,101.0378,91.611,173.5704,167.2448,146.3534
2010.1,47.29,212.2582,180.9178,173.684,212.3892,211.8938,182.4108,249.8018,210.7858,185.127,194.0836,199.7946,190.6,191.1442,175.2732,140.1132,138.5684,149.5724,150.0618,138.1538,142.411,127.7112,182.2158,213.1332,217.0844,206.0204,223.2648,235.8482,168.0658,200.681,215.3984,189.576,214.1822,227.6066,102.2432,128.5398,130.034,126.8474,140.5822,160.4256,118.3688,104.1084,95.2836,172.521,174.7514,146.5678
2040.1,47.54,217.6946,181.2876,173.3598,218.8732,209.7078,184.2764,248.7966,213.0892,184.0924,195.1674,201.1708,189.507,196.5056,175.9226,144.2356,141.2,147.6274,150.0142,138.5472,139.877,132.3892,188.4784,218.7666,222.6526,209.6166,226.1246,233.6678,171.3054,203.234,220.579,191.111,215.3464,233.8954,104.194,123.6904,131.372,129.587,144.0268,160.216,118.7036,105.1,96.611,174.1008,171.63,151.566
2070.1,47.8,217.1544,184.307,176.4592,220.257,209.8662,183.3836,252.2328,211.5466,186.7328,199.6256,200.9872,191.202,198.126,174.883,144.791,141.7616,149.2354,152.5156,140.8418,143.4792,133.1892,188.4022,217.8124,223.9122,208.9518,226.2984,242.025,171.679,208.4058,221.9422,193.9662,214.4456,235.2392,106.36,123.8248,134.3324,128.6606,144.1132,164.2614,117.7898,107.3292,90.7944,176.6018,171.6414,147.6894
2100.1,48.056,219.0528,182.6858,178.9714,221.007,213.5198,188.64,253.5792,210.2948,190.127,199.5836,204.8218,196.006,199.7666,176.2634,144.4468,147.7374,150.0156,152.8102,139.8066,144.391,133.2972,187.755,221.4352,225.9948,209.2296,229.4734,242.9358,177.455,209.615,223.0386,197.6832,215.79,235.0562,105.5998,127.7262,134.6478,132.1132,145.871,166.4476,120.431,107.7418,91.8446,181.9892,175.7756,149.2554
2130.1,48.32,221.4708,186.0178,179.2056,222.3018,211.2506,183.9836,261.65,215.7624,186.8746,200.4764,204.7986,195.4496,202.798,177.077,143.2376,146.9424,150.2452,154.5074,144.2308,143.8416,134.3002,191.4156,226.1842,230.8736,218.6538,231.1298,243.7144,180.5646,215.3338,223.0406,200.778,220.9348,236.065,106.3294,128.8274,136.0536,135.0712,149.9002,167.9406,121.5276,111.7708,98.0056,181.5138,178.4318,152.2256
2160.1,48.58,227,184.5768,183.6076,228.5448,211.5584,188.3672,264.331,217.766,192.5902,204.3892,210.2654,197.388,201.163,181.2832,146.0844,145.5544,151.1666,154.7296,145.5802,144.6306,138.4028,194.839,228.3826,236.5016,215.011,235.6528,247.5696,180.358,214.4832,227.451,201.8474,227.6932,242.629,107.4582,129.8166,136.1606,132.963,151.282,170.012,126.6414,106.5458,98.8446,185.9322,178.7664,155.2704
2190.1,48.84,230.209,186.7446,182.6666,229.9,210.1532,187.782,271.2428,217.4176,191.0366,207.7164,211.5438,196.4634,204.4816,183.8298,143.9044,144.8916,154.5548,157.1568,145.3318,146.8464,133.8666,201.4452,230.428,239.7966,218.4332,236.579,253.0036,182.0922,217.6906,230.2034,203.4178,226.7702,239.6274,108.871,129.6356,139.7632,133.479,153.2956,170.628,127.8068,109.0832,98.5612,184.98,183.5776,152
2220.1,49.09,237.1564,189.4554,187.6212,239.8196,211.793,187.2872,279.1516,227.0606,191.2596,215.84,219.8236,201.4794,208.5498,185.6536,145.369,147.723,154.4606,155.8288,148.6418,149.312,135.2916,200.088,239.2754,244.951,221.8592,240.6068,253.5054,185.9032,225.1716,231.4508,205.4654,230.4018,244.9488,110.4584,131.0932,138.5606,134.3474,152.7176,174.3762,125.1518,110.2042,101.2832,188.967,183.512,156.213
2250.1,49.35,249.2964,195.718,189.802,246.175,218.3582,189.449,290.183,233.0232,198.1328,225.9072,226.471,205.303,207.45,185.386,148.129,146.7974,158.6842,159.7978,146.0042,147.4638,137.9582,201.8038,239.6088,246.4402,222.8334,240.486,255.2016,186.376,227.6792,238.0386,208.7406,233.1842,249.6632,109.637,131.8988,140.2252,137.5816,154.1756,177.6456,128.0376,116.629,102.15,187.1028,185.813,160.413
2280.1,49.61,257.7928,200.9622,184.7866,254.1286,225.911,191.2364,301.0742,243.1466,198.9288,238.4982,234.4018,211.1742,212.424,184.3526,148.46,150.865,158.7198,161.4886,149.8878,147.8682,139.1724,204.6194,241.6124,250.1194,224.5574,241.8684,258.5302,193.5012,233.1112,243.2878,211.6614,241.4514,260.3642,116.6306,135.9398,144.3296,136.879,156.4466,180.0874,130.3034,113.4956,101.161,190.5026,187.0394,158.732
2310.1,49.87,273.2398,205.759,197.019,265.9608,230.7496,192.1434,317.726,256.3716,203.3306,254.1636,246.28,213.82,216.3906,190.186,153.4736,154.1372,163.9198,165.1094,150.3846,150.9054,140.0112,205.7412,246.6108,251.9878,223.8854,243.6982,262.5984,196.5516,240.0718,255.1948,216.9208,245.4358,262.9266,117.3416,135.0414,141.7154,138.9946,157.0644,184.5446,127.7516,117.9708,99.7556,192.5394,189.4,161.9468
2340.1,50.138,288.349,211.8196,200.8684,281.307,238.1162,195.318,330.0034,266.543,210.7096,268.3456,257.9002,220.5148,225.9222,196.6218,154.098,157.3398,168.4412,174.0824,154.868,154.7188,141.211,210.898,249.5282,260.5264,226.9166,250.835,266.818,200.0528,251.5152,261.579,220.5702,255.7544,275.636,114.1108,137.8738,147.4086,141.9422,164.4178,189.0336,138.3172,116.4792,104.7612,197.5306,189.4992,161.904
2370.1,50.4,302.3602,218.5606,207.0552,295.7288,248.9598,197.4218,345.488,280.5822,219.8134,286.1056,270.2162,228.3048,235.8574,202.9364,157.638,163.2386,175.8076,177.0804,158.6594,157.6352,147.0804,216.894,255.1614,263.6194,231.2518,258.107,273.607,209.4594,262.2358,276.8878,231.4516,267.4356,290.3008,115.3816,141.819,148.138,142.5788,163.8934,195.2374,136.724,120.4418,102.9278,204.3396,196.3812,162.1086
2400.1,50.666,324.8346,229.1948,214.8742,308.5768,261.1478,206.1636,357.8934,300.1786,227.1154,306.7802,285.8656,240.8732,247.4462,214.172,160.2022,165.7566,185.3196,191.9198,160.8858,158.4638,147.3668,217.6158,260.398,267.6842,233.2574,267.1912,281.7162,215.1362,272.249,287.558,236.5406,283.3504,303.159,114.6432,138.8574,144.6254,145.5318,165.9978,201.3922,142.8966,119.9792,108.3778,209.2664,198.3606,165.7212
2430.1,50.92,338.6364,240.425,226.9354,327.8162,274.802,214.767,374.0824,319.2176,242.7154,328.9492,306.4074,253.3842,262.6352,226.6734,169.829,179.8626,198.2862,200.837,164.3252,164.8878,154.5028,221.0372,268.2718,272.7124,241.3314,274.2052,296.3768,226.7342,283.2868,303.2858,246.5978,296.988,321.3794,119.9414,141.3258,148.231,155.663,171.4046,212.8656,147.2,125.775,107.7222,216.8036,203.0806,168.5298
2460.1,51.17,357.0508,251.3588,232.8266,340.025,289.4714,225.9146,386.5604,334.5464,251.004,352.8364,323.4928,266.4358,278.124,240.7566,178.1646,190.1352,209.249,211.0126,173.2946,170.3164,159.0554,224.7942,278.5194,280.0402,243.9518,290.4612,310.2786,236.6572,304.1944,322.3968,257.8358,308.309,338.318,120.477,147.1208,155.428,161.3054,180.9046,223.1664,155.9792,128.2208,108.1888,228.4166,210.6446,171.0936
2490.1,51.42,375.3166,263.6858,245.139,363.9018,304.3218,235.1998,403.8984,351.3448,264.7288,373.8656,340.6036,277.6138,299.2832,255.6042,190.2868,197.9134,223.8296,232.7752,177.9474,177.077,164.2722,236.5862,286.7072,291.5808,253.0054,304.1808,328.6036,252.501,319.1038,337.0772,268.5166,324.0732,361.046,125.3384,147.0466,160.9042,167.6448,190.1846,233.3068,157.9,140.6126,113.2388,241.231,217.383,174.2512
2520.1,51.676,388.651,276.266,257.4228,380.4678,319.6942,243.891,414.993,371.1466,275.0616,397.2272,362.0892,292.7466,315.6518,275.7446,199.5044,212.8,240.553,245.5732,189.4748,189.9342,168.3972,241.3606,303.7984,303.3388,261.1184,318.4878,343.2036,260.6132,331.5772,361.9172,281.992,339.7326,373.7846,125.52,157.0986,167.7352,174.7972,200.369,245.6594,164.3722,143.1374,116.122,258.6276,227.357,176.6468
2550.1,51.93,405.0616,290.8644,272.3026,396.6894,334.1324,259.6694,428.6346,387.2998,288.9422,418.5254,376.2058,307.788,335.9224,290.6,210.1422,226.3662,252.9352,268.5446,196.903,200.1142,185.7306,254.2234,322.398,314.5158,274.5036,333.835,365.2054,283.6856,348.3736,381.7122,291.1762,353.9844,395.6188,129.7694,160.1536,173.5804,183.0526,209.8066,257.3922,173.7828,153.9624,121.25,270.7906,236.86,182.6958
2580.1,52.18,416.3764,302.484,286.1924,412.0036,350.1598,269.6218,436.088,402.0126,304.502,434.6616,392.4946,321.5682,352.8946,305.2082,227.4644,238.9012,279.4668,283.4372,206.9186,213.7474,189.7194,266.8726,335.9844,335.4,283.8682,350.914,381.3448,290.3824,361.8604,403.0178,299.3524,366.6496,409.3982,134.0094,169.0632,184.969,198.0394,224.0288,269.9484,184.0484,158.4832,127.6444,286.1892,251.6934,193.4066
2610.1,52.44,422.82,319.6338,300.9162,430.2376,368.2504,284.1528,442.1192,414.6268,320.2828,450.2418,415.171,336.0514,373.2518,321.9308,239.249,255.6774,293.7412,301.5938,212.9692,223.3032,200.2556,278.1296,355.6406,349.5406,296.9982,367.0964,403.4982,311.1472,372.3924,423.6912,311.693,375.7246,424.8668,138.4648,176.282,195.5042,204.1896,236.6688,284.695,197.1724,165.354,130.45,303.9008,265.1346,201.0598
2640.1,52.7,428.7674,333.3518,312.0992,440.7982,380.1964,298.129,449.8104,424.0016,330.7654,461.4766,427.5508,346.788,392.5148,335.4416,257.6066,268.3326,311.1786,313.569,225.5296,238.5298,206.7722,290.7234,374.9594,366.414,314.3778,379.7772,420.4608,325.9582,385.9738,434.4928,325.7208,383.7822,433.6256,143.2462,186.381,203.1382,218.9658,253.2624,294.0098,207.1828,171.2122,140.961,324.2586,277.7142,208.4576
2670.1,52.96,431.3506,339.5786,326.461,453.3356,399.134,311.2762,454.9122,434.6232,345.2,471.1272,440.28,364.3346,404.128,352.4494,272.2666,285.2866,328.204,334.062,231.6506,249.3606,220.8082,303.8844,391.2016,383.0964,326.6426,392.0212,434.057,335.4878,395.166,450.6438,327.4336,388.6614,441.3042,153.5324,195.2824,220.2,230.379,266.6976,304.2496,217.4758,184.1084,144.289,339.0202,295.9906,221.585
2700.1,53.22,436.6672,353.2894,337.836,463.8358,411.8798,326.851,458.9414,441.782,354.9808,468.9236,450.72,373.1644,416.5944,364.0832,283.1044,293.9636,338.2354,342.1834,245.4286,260.5142,229.1196,316.3688,407.5194,398.4054,343.6612,400.5472,448.3052,343.6964,399.5454,463.7384,336.6236,389.7918,450.1196,165.4738,208.6414,231.3802,241.279,278.6756,315.2018,228.4208,194.9832,153.6944,358.2716,309.5176,231.0958
2730.1,53.476,433.347,360.3446,346.1924,470.1822,420.1946,339.7382,456.8086,444.4018,365.0268,473.3582,455.951,378.3604,422.537,373.9266,296.42,307.6456,344.1864,349.0578,248.1978,270.5758,235.6914,328.8334,414.3192,414.0086,355.852,412.3174,459.7158,350.697,402.1508,469.765,336.2752,389.8058,453.3502,171.5076,220.1974,243.786,257.6394,291.5536,316.418,237.3794,196.1086,162.0332,369.7228,322.0354,248.168
2760.1,53.74,431.478,369.8556,355.937,471.609,430.8278,355.5782,459.3912,444.368,371.9328,477.991,460.1434,383.4494,424.985,379.6,308.2,312.9448,358.9018,350.268,254.3912,281.8526,245.225,340.1978,423.9896,418.7474,369.0518,408.7352,467.375,354.554,403.8414,476.1352,340.4952,385.6792,455.1728,186.994,235.8328,260.0396,265.6184,303.1134,322.0852,244.8656,202.779,166.5166,380.644,338.3926,259.3806
2790.1,54,434.3928,376.984,364.4,475.5982,438.2176,367.5546,459.2086,444.1696,383.1252,475.478,458.618,389.4376,437.2444,386.1506,312.3246,318.2938,358.3216,353.5772,258.8968,287.9208,247.5084,350.7002,426.3788,424.5492,382.6722,413.1614,469.9698,358.6244,405.034,481.3088,343.5762,386.5684,451.571,195.0892,246.8412,267.3014,281.8026,306.5936,322.4396,253.2552,212.629,175.022,393.3394,343.9402,276.5384
2820.1,54.26,427.3544,382.8608,370.5162,473.0124,440.1808,380.6618,454.5156,443.1232,387.2538,470.249,461.071,393.4812,433.0722,386.7068,321.1198,320.0072,360.2178,352.1072,260.7166,293.7756,252.6334,354.1608,429.3422,427.2808,385.0874,417.188,472.5158,362.6066,408.9906,482.393,343.6654,382.5564,449.1214,206.037,256.6082,274.2478,289.8578,315.5886,320.7364,258.8106,217.5124,184.289,397.4918,355.0616,289.5172
2850.1,54.52,425.0874,386.5874,366.2382,472.3628,443.2366,387.9382,446.2792,439.1554,390.9074,461.9034,456.9182,392.4712,433.8758,386.0238,327.8534,321.7952,358.694,360.3298,265.187,297.1208,253.7194,357.6412,424.3508,424.0842,395.426,413.2456,468.1858,364.2878,405.5264,479.3072,340.3642,379.4018,445.9334,214.88,269.7534,288.6252,296.1422,319.971,325.309,257.1724,214.4874,190.45,393.8716,362.2672,301.2192
2880.1,54.78,421.3728,387.775,371.0686,471.8766,443.76,394.6834,442.7154,438.734,393.8058,457.869,452.48,390.087,426.8444,385.3364,327.7024,321.8626,359.959,352.5672,260.8728,301.1782,253.678,363.643,416.5964,417.7702,395.4632,405.0718,463.725,357.7912,400.47,479.6648,336.6098,373.2652,439.3146,224.3324,272.3672,289.4564,299.3052,321.2556,324.0158,262.8206,222.4458,198.3668,400.8956,363.9794,317.2298
2910.1,55.05,419.709,388.2928,368.5696,461.6842,438.7442,403.5636,439.4104,433.7306,394.6094,449.422,450.9874,389.5644,425.1758,384.2712,328.7178,319.4842,352.3274,354.9874,264.2396,294.4154,255.889,362.4078,402.572,407.8036,397.5148,395.7052,459.4892,359.3232,396.2526,479.3596,335.2058,366.598,432.3558,230.7632,280.2602,292.659,307.1842,321.5976,319.6438,265.2932,221.9416,202.6112,397.5194,364.5178,324.5086
2940.1,55.3,412.9182,394.668,363.539,459.45,438.607,405.9036,428.9586,430.3178,392.3422,443.1582,443.4816,383.0616,423.5908,382.5246,322.1822,316.4268,352.8058,347.2536,259.3144,297.921,251.0608,357.4078,397.1578,401.1334,398.0186,386.4824,452.516,353.3758,394.3472,476.2686,331.9448,361.5602,429.0204,231.1384,281.9122,294.7688,307.7896,319.3888,319.921,264.6654,221.7374,199.6502,395.1946,365.6372,335.017
2970.1,55.56,408.5618,392.9676,361.6836,449.9412,434.6802,410.3528,427.419,420.1446,387.9154,438.524,437.74,384.0238,422.1776,377.2654,327.6754,317.8652,348.696,344.7444,258.7012,297.9672,247.9806,353.7176,383.3388,392.3124,393.2702,377.4104,444.2552,352.055,391.2228,469.2174,327.8018,359.8612,417.7008,240.2984,288.4878,294.5604,305.5844,316.4266,317.2872,260.8894,218.8252,210.4944,391.9284,365.0692,334.781
3000.1,55.8,405.5762,389.7,358.0096,444.2162,425.9616,405.6764,421.9672,416.1356,387.6328,435.1146,432.2002,374.0752,413.3204,377.186,323.2886,313.576,344.4216,345.295,255.2286,292.6354,247.1222,346.3842,372.4614,385.251,385.8072,367.8772,438.5822,344.9186,385.7942,461.4612,323.0634,352.2988,415.6512,241.8552,282.7096,289.724,303.6314,315.109,312.3922,265.7518,217.8832,207.3002,391.2312,362.2076,338.9064
3030.1,56.052,400.9074,395.1232,357.9086,437.1572,423.1496,408.1798,411.233,409.5092,377.7924,425.3908,426.6218,371.3502,410.2592,372.1328,316.1086,309.306,342.6058,338.8352,252.7142,292.152,251.4252,341.2196,367.5052,381.0492,381.4036,360.9054,429.8914,342.4306,384.4526,456.1576,315.9506,353.1266,408.2308,245.1786,288.0108,290.1128,301.4684,315.48,308.0634,263.5138,215.504,207.9222,385.712,361.7608,332.3024
3060.1,56.32,393.5946,385.1198,354.9198,431.0608,412.6364,406.2182,409.8638,397.5608,375.2326,422.5308,419.4456,365.1426,405.9352,367.5564,313.1778,305.4336,338.5724,333.1632,251.5804,286.1274,246.5138,331.2764,359.5036,378.1072,373.4686,353.9896,421.2802,339.2002,381.3906,455.958,310.1266,345.7128,410.6138,242.194,284.3396,288.9972,300.542,312.3556,306.511,256.4724,215.5584,207.0222,380.7066,355.7552,338.4426
3090.1,56.59,393.7492,383.2428,354.2152,425.4322,407.781,398.2674,399.2256,395.6376,372.9904,417.598,415.3018,362.814,396.5538,367.7444,313.6088,306.137,338.4374,333.5422,247.0836,286.4858,244.511,322.1942,355.2142,373.5194,367.4018,348.33,415.3946,339.6002,374.1754,444.8122,306.5148,340.1108,400.9982,240.7352,284.074,285.552,293.537,310.0868,308.992,251.793,216.2502,204.8612,376.822,349.2072,334.4618
3120.1,56.854,386.6472,380.6284,350.3276,418.7126,400.2366,397.2548,399.3188,392.127,367.3694,407.0164,410.7074,356.8752,384.874,357.4236,310.0224,301.2916,336.2706,329.202,250.3628,284.668,241.4668,311.9824,351.3948,373.551,355.9,341.235,406.4982,332.0704,356.368,437.3,303.3546,334.7958,397.2274,239.5722,276.2052,283.0844,295.9604,309.1736,303.792,254.493,216.9628,208.0612,372.2716,348.1906,333.0192
3150.1,57.11,384.611,374.7286,343.0134,407.2248,397.4034,390.2182,395.3706,391.857,361.4674,405.1198,405.0582,349.5306,377.1222,355.6988,305.0978,299.6626,330.0842,327.6948,244.2682,278.8,244.4056,308.4568,343.5756,374.6702,346.5742,334.4402,403.0732,332.3122,348.719,422.1176,302.5484,334.3288,388.0326,237.4062,272.4492,276.6,288.7974,307.7756,298.0218,251.5726,211.2166,200.15,368.4476,346.6934,332.4956
3180.1,57.37,376.338,370.175,338.8324,395.7392,393.3462,383.911,387.2586,385.5876,355.8116,400.5654,398.2746,345.8754,361.4554,351.8986,308.4666,293.1228,328.6296,324.1258,237.9648,276.4262,242.0554,304.3234,340.8472,371.0438,341.5334,336.5454,398.1698,333.1824,337.2846,402.5,295.115,326.8656,386.5812,236.2368,273.556,278.8814,288.334,304.3798,296.2534,254.2862,212.9456,199.4166,364.5158,340.2246,326.417
3210.1,57.62,368.5054,370.0876,334.1582,380.7556,385.5478,376.2798,381.943,383.1946,350.977,394.8018,393.902,341.5742,350.8814,342.0116,298.1156,292.0146,326.994,320.1526,236.5714,272.989,238.675,299.4294,339.4686,367.4578,335.2038,327.8896,382.7108,330.6352,323.436,384.2,285.8336,323.8296,376.7162,235.7076,263.5124,272.7634,284.1684,303.0486,292.717,253.1792,212.1458,200.6222,357.5616,339.7196,319.8894
3240.1,57.87,363.5618,360.7716,329.4154,364.2766,379.6834,368.5708,376.6396,373.134,345.1556,389.1236,385.1308,336.5446,343.363,331.4968,297.5976,283.4022,321.0372,312.3402,236.7978,273.1604,234.5888,298.4804,331.114,367.3,330.9,323.5948,380.5964,327.1404,319.253,370.4088,284.9604,319.0178,372.217,228.7508,261.1698,268.9832,285.3182,300.9444,290.21,248.3654,207.8416,200.4998,351.8202,323.785,318.2382
3270.1,58.128,354.9908,352.1036,324.261,346.0664,374.8312,367.4872,368.933,367.316,341.7692,388.0326,377.0272,330.9268,330.685,328.7804,296.6622,281.3712,317.4748,308.8782,236.3604,270.6418,233.4278,291.7726,327.872,361.5684,325.0724,324.049,375.9928,316.2066,300.7074,354.4982,278.8694,311.1762,365.4992,225.7848,254.8246,264.4872,280.4684,296.4112,287.0774,247.5414,205.9292,199.2834,348.167,318.5456,310.8084
3300.1,58.398,341.2748,345.2946,321.718,328.6232,366.2766,357.6254,362.7878,359.8198,336.7,380.8854,365.6146,328.3384,322.1814,319.004,287.56,278.6386,312.1902,302.8,230.7912,266.1188,229.4748,288.9822,322.37,358.7386,317.2428,322.6192,366.9036,310.1516,291.734,337.5,275.0872,304.8178,360.299,224.5662,252.5452,261.6422,274.484,291.7334,276.8318,245.6998,199.979,195.1832,343.0314,311.9796,309.1488
3330.1,58.66,331.92,339.8946,313.6896,313.4142,352.3374,351.5382,352.4224,358.05,330.6058,367.649,354.8418,320.7842,316.2982,313.0554,283.8556,275.3086,299.2844,294.4618,228.3628,262.3958,221.278,286.1962,314.6648,351.8088,312.1872,324.179,361.7036,297.2218,281.0528,332.2262,268.0456,296.9624,352.0716,220.0338,252.0438,256.1802,268.2684,287.3778,274.412,241.583,206.2126,197.0778,334.0036,313.9702,305.849
3360.1,58.91,315.9672,340.4448,309.8934,299.7022,340.2228,342.1926,346.8842,348.0982,326.229,361.8708,335.9964,319.7506,309.15,306.897,275.28,273.4986,286.935,279.5276,225.8134,252.5562,215.7998,280.345,304.119,344.0896,312.626,324.8562,356.8464,280.4482,269.772,317.3564,264.784,290.2296,340.928,220.2368,248.0164,251.7606,262.35,282.5112,265.1722,233.7208,197.9084,196.7668,331.2932,305.6656,304.3702
3390.1,59.17,304.7198,333.3142,301.3886,283.3698,323.8662,338.7364,333.562,335.8178,315.9326,350.613,317.6036,314.6692,301.7092,295.4082,265.1224,267.3472,269.4058,265.3484,219.1078,240.8198,205.522,278.7982,293.3176,339.1138,308.9186,314.7598,349.718,269.6134,256.5566,304.8718,256.9188,286.7762,335.728,218.8646,240.367,244.7688,258.4396,277.3732,257.8136,231.1792,197.5126,188.9114,320.78,298.7364,297.6384
3420.1,59.43,289.4126,322.3498,300.9524,273.0964,308.2956,323.5036,326.2502,327.7,307.9598,336.5982,297.5856,313.4416,294.8758,295.3524,258.6222,249.2578,249.4038,256.0102,213.7384,229.0968,200.311,274.3294,284.086,331.9878,299,312.1826,343.6412,255.9912,243.0662,292.507,251.6514,279.2732,328.1932,210.5198,235.882,236.7718,249.1894,272.0402,254.0002,228.7138,198.6708,189.9334,315.5998,301.7232,289.9086
3450.1,59.69,278.6872,313.366,291.1104,267.3678,292.4226,312.8,318.157,313.0556,304.9538,320.0836,278.1144,307.1802,282.6168,283.812,251.9576,241.1108,235.0668,245.736,206.479,219.0068,189.6916,268.798,273.0668,326.2564,296.6482,302.9492,336.3624,244.9296,222.6412,284.8738,247.319,270.8594,317,206.234,228.378,233.5042,244.2632,262.3822,245.3824,222.3276,190.5708,187.9,308.5306,291.5458,289.0852
3480.1,59.95,262.7598,306.9716,287.1028,266.7678,277.3776,301.9126,309.4,301.6696,299.473,305.369,263.2946,305.5862,275.1798,276.7108,240.5558,227.7156,221.5038,230.5278,198.998,208.2814,181.3778,262.3744,261.921,317.6666,291.298,291.0666,326.975,237.9648,211.3094,269.263,238.5386,265.715,306.2342,205.403,232.9672,226.8198,232.6708,257.7444,239.7722,217.824,188.4958,186.1998,302.4734,300.1494,281.9232
3510.1,60.21,248.6342,294.886,274.5486,264.5446,267.6994,288.7092,301.6586,283.8268,287.252,290.8712,244.751,298.8712,271.487,271.3782,234.4198,214.4506,208.3412,219.4166,190.3208,202.4088,176.075,254.7924,248.7192,303.8946,281.7408,279.5036,315.709,222.2308,201.8792,257.4492,232.4732,255.4772,290.5966,197.8306,221.4792,224.0704,224.2656,250.6312,233.8772,213.0172,186.9666,181.0834,298.8018,296.3084,277.881
3540.1,60.464,231.2036,286.2284,267.0074,262.6394,254.1444,278.5054,296.4326,265.9768,276.8404,273.9402,236.32,294.1584,268.9002,266.081,228.8,206.6698,194.5492,207.8928,183.991,193.7406,169.6276,249.096,230.0402,288.721,271.9628,268.0772,301.1822,211.5692,191.615,241.2964,227.4614,247.6594,269.6168,199.6062,218.0328,222.6762,219.8816,239.7912,231.2258,215.3378,179.7458,177.5776,292.5488,292.4338,272.1192
3570.1,60.64,208.409,275.2466,255.8532,256.5214,251.4714,266.7838,292.3622,251.352,269.5598,257.0562,220.0182,284.0198,256.9146,262.3108,224.491,196.2892,182.7176,200.7566,179.5582,185.0198,167.1082,238.545,212.6806,275.8016,259.2854,261.9316,286.0572,196.7054,185.77,230.0542,220.7586,234.4258,253.6634,194.76,213.1124,218.9156,208.608,231.011,221.6574,207.5624,175.1416,175.0776,290.4532,287.1328,266.8362
